Name,FirstName,LastName,Username,Email
John,Doe,john.doe,jdoe,john.doe@mondomaine.local
Jane,Smith,jane.smith,jsmith,jane.smith@mondomaine.local
Robert,Johnson,robert.johnson,rjohnson,robert.johnson@mondomaine.local
Emily,Davis,emily.davis,edavis,emily.davis@mondomaine.local
Michael,Brown,michael.brown,mbrown,michael.brown@mondomaine.local
Sarah,Jones,sarah.jones,sjones,sarah.jones@mondomaine.local
David,Miller,david.miller,dmiller,david.miller@mondomaine.local
Laura,Wilson,laura.wilson,lwilson,laura.wilson@mondomaine.local
James,Moore,james.moore,jmoore,james.moore@mondomaine.local
Anna,Taylor,anna.taylor,ataylor,anna.taylor@mondomaine.local
William,Anderson,william.anderson,wanderson,william.anderson@mondomaine.local
Olivia,Thomas,olivia.thomas,othomas,olivia.thomas@mondomaine.local
Benjamin,Jackson,benjamin.jackson,bjackson,benjamin.jackson@mondomaine.local
Sophia,White,sophia.white,swhite,sophia.white@mondomaine.local
Daniel,Harris,daniel.harris,dharris,daniel.harris@mondomaine.local
Emma,Martin,emma.martin,emartin,emma.martin@mondomaine.local
Christopher,Thompson,christopher.thompson,cthompson,christopher.thompson@mondomaine.local
Ava,Garcia,ava.garcia,agarcia,ava.garcia@mondomaine.local
Matthew,Martinez,matthew.martinez,mmartinez,matthew.martinez@mondomaine.local
Isabella,Rodriguez,isabella.rodriguez,irodriguez,isabella.rodriguez@mondomaine.local
